,Date,Stock,Sentiment
0,2021-01-01,AAPL,0.33598955929441077
1,2021-01-02,AAPL,0.22016302439390661
2,2021-01-03,AAPL,0.24098793102777305
3,2021-01-04,AAPL,0.1858670211273711
4,2021-01-05,AAPL,0.2559205444784602
5,2021-01-06,AAPL,0.18753800623805728
6,2021-01-07,AAPL,0.26745411537587643
7,2021-01-08,AAPL,0.2436975805951515
8,2021-01-09,AAPL,0.16286761724110693
9,2021-01-10,AAPL,0.2304800772080198
10,2021-01-11,AAPL,0.1781156785346102
11,2021-01-12,AAPL,0.26430153226992115
12,2021-01-13,AAPL,0.2795906436702935
13,2021-01-14,AAPL,0.2417195403786609
14,2021-01-15,AAPL,0.21901259116502478
15,2021-01-16,AAPL,0.18855085609778977
16,2021-01-17,AAPL,0.21127930878727733
17,2021-01-18,AAPL,0.23597092762223998
18,2021-01-19,AAPL,0.23035231066099368
19,2021-01-20,AAPL,0.3140395434933016
20,2021-01-21,AAPL,0.3156707142769592
21,2021-01-22,AAPL,0.4160520658438327
22,2021-01-23,AAPL,0.32495915683568455
23,2021-01-24,AAPL,0.32305942238133867
24,2021-01-25,AAPL,0.3262036888897419
25,2021-01-26,AAPL,0.28965554863994475
26,2021-01-27,AAPL,0.23841311279474758
27,2021-01-28,AAPL,0.1625464309283998
28,2021-01-29,AAPL,0.20290808063733856
29,2021-01-30,AAPL,0.263180110271438
30,2021-01-31,AAPL,0.21396088824607432
31,2021-02-01,AAPL,0.29659589302237144
32,2021-02-02,AAPL,0.28333596952841617
33,2021-02-03,AAPL,0.2990141893075779
34,2021-02-04,AAPL,0.2634290255595697
35,2021-02-05,AAPL,0.24047625329054426
36,2021-02-06,AAPL,0.33427722471335436
37,2021-02-07,AAPL,0.3247696105686482
38,2021-02-08,AAPL,0.31593231071706396
39,2021-02-09,AAPL,0.30712968751683367
40,2021-02-10,AAPL,0.2409035683652619
41,2021-02-11,AAPL,0.22687051584455184
42,2021-02-12,AAPL,0.30977743274206293
43,2021-02-13,AAPL,0.3241897185448324
44,2021-02-14,AAPL,0.3382278235700214
45,2021-02-15,AAPL,0.2938510553715751
46,2021-02-16,AAPL,0.23094273163215256
47,2021-02-17,AAPL,0.24934093743085395
48,2021-02-18,AAPL,0.21344183945120312
49,2021-02-19,AAPL,0.22682279839005787
50,2021-02-20,AAPL,0.2617227955111368
51,2021-02-21,AAPL,0.2638240174449659
52,2021-02-22,AAPL,0.18216707274864893
53,2021-02-23,AAPL,0.2514697761469288
54,2021-02-24,AAPL,0.2377750511143822
55,2021-02-25,AAPL,0.1481350308607798
56,2021-02-26,AAPL,0.14531706259190105
57,2021-02-27,AAPL,0.2787127577218926
58,2021-02-28,AAPL,0.20378423476064897
59,2021-03-01,AAPL,0.35729913621977905
60,2021-03-02,AAPL,0.14983077144855633
61,2021-03-03,AAPL,0.10396419210848398
62,2021-03-04,AAPL,0.16030054645729253
63,2021-03-05,AAPL,0.24212131451722235
64,2021-03-06,AAPL,0.2555807642218424
65,2021-03-07,AAPL,0.24354619181547665
66,2021-03-08,AAPL,0.08077103780128528
67,2021-03-09,AAPL,0.32026554945402314
68,2021-03-10,AAPL,0.24858689075522125
69,2021-03-11,AAPL,0.2535638080528006
70,2021-03-12,AAPL,0.31093045133934355
71,2021-03-13,AAPL,0.25605140228802337
72,2021-03-14,AAPL,0.30770474663877395
73,2021-03-15,AAPL,0.34414582851727027
74,2021-03-16,AAPL,0.2857779306503944
75,2021-03-17,AAPL,0.27311271067592313
76,2021-03-18,AAPL,0.20164688114775345
77,2021-03-19,AAPL,0.2639070010650903
78,2021-03-20,AAPL,0.17289455117961494
79,2021-03-21,AAPL,0.27258147213212214
80,2021-03-22,AAPL,0.3283836580578936
81,2021-03-23,AAPL,0.19623172476503534
82,2021-03-24,AAPL,0.16653716125292703
83,2021-03-25,AAPL,0.2736571496869437
84,2021-03-26,AAPL,0.25067239243723455
85,2021-03-27,AAPL,0.27055822979660243
86,2021-03-28,AAPL,0.3025639513427159
87,2021-03-29,AAPL,0.2688649284831481
88,2021-03-30,AAPL,0.2594417258936446
89,2021-03-31,AAPL,0.27540651786362286
90,2021-04-01,AAPL,0.2752428684923798
91,2021-04-02,AAPL,0.35975876449991484
92,2021-04-03,AAPL,0.2344429188279688
93,2021-04-04,AAPL,0.32969255702011285
94,2021-04-05,AAPL,0.3138497149317991
95,2021-04-06,AAPL,0.2934559733043425
96,2021-04-07,AAPL,0.28191887304373087
97,2021-04-08,AAPL,0.29157032002066263
98,2021-04-09,AAPL,0.32830090256338007
99,2021-04-10,AAPL,0.26207250127627046
100,2021-04-11,AAPL,0.27831598980282435
101,2021-04-12,AAPL,0.3110518114574952
102,2021-04-13,AAPL,0.35106061727786436
103,2021-04-14,AAPL,0.2647290357515449
104,2021-04-15,AAPL,0.2653985523201991
105,2021-04-16,AAPL,0.2896357496198034
106,2021-04-17,AAPL,0.28032719325594585
107,2021-04-18,AAPL,0.2707574911876582
108,2021-04-19,AAPL,0.31277646610047666
109,2021-04-20,AAPL,0.2946466255139094
110,2021-04-21,AAPL,0.293574873970123
111,2021-04-22,AAPL,0.21514896544336806
112,2021-04-23,AAPL,0.30682727388921194
113,2021-04-24,AAPL,0.3290202257974306
114,2021-04-25,AAPL,0.3343343167358544
115,2021-04-26,AAPL,0.3493650427924003
116,2021-01-01,TSLA,0.21027813107066323
117,2021-01-02,TSLA,0.24032140194973908
118,2021-01-03,TSLA,0.20717910193442368
119,2021-01-04,TSLA,0.2663895036367467
120,2021-01-05,TSLA,0.2245348114744993
121,2021-01-06,TSLA,0.16823073245596606
122,2021-01-07,TSLA,0.22768636466830502
123,2021-01-08,TSLA,0.193991810786305
124,2021-01-09,TSLA,0.2184160995039856
125,2021-01-10,TSLA,0.1828062117699301
126,2021-01-11,TSLA,0.16436963174887934
127,2021-01-12,TSLA,0.21476225087384226
128,2021-01-13,TSLA,0.23562488441029564
129,2021-01-14,TSLA,0.20578508808021434
130,2021-01-15,TSLA,0.13625783849600703
131,2021-01-16,TSLA,0.18336207433859816
132,2021-01-17,TSLA,0.17309878920938354
133,2021-01-18,TSLA,0.24874324991565663
134,2021-01-19,TSLA,0.24654767661588267
135,2021-01-20,TSLA,0.188751249660505
136,2021-01-21,TSLA,0.1428809379551094
137,2021-01-22,TSLA,0.2540035078281071
138,2021-01-23,TSLA,0.26656384955113754
139,2021-01-24,TSLA,0.2509328848589212
140,2021-01-25,TSLA,0.28529105215123857
141,2021-01-26,TSLA,0.17994303939223755
142,2021-01-27,TSLA,0.1652861749334261
143,2021-01-28,TSLA,0.10405243479786441
144,2021-01-29,TSLA,0.1493927044350421
145,2021-01-30,TSLA,0.17631097897060682
146,2021-01-31,TSLA,0.21648966237250716
147,2021-02-01,TSLA,0.3057262632471975
148,2021-02-02,TSLA,0.2060912161465967
149,2021-02-03,TSLA,0.22573014536336997
150,2021-02-04,TSLA,0.23121318488160614
151,2021-02-05,TSLA,0.278513319394202
152,2021-02-06,TSLA,0.2753990164793795
153,2021-02-07,TSLA,0.3182487743408419
154,2021-02-08,TSLA,0.280490042438847
155,2021-02-09,TSLA,0.22504905959579627
156,2021-02-10,TSLA,0.15981236582249403
157,2021-02-11,TSLA,0.19740547311282716
158,2021-02-12,TSLA,0.25130962101137266
159,2021-02-13,TSLA,0.24232463215023745
160,2021-02-14,TSLA,0.28932086134457496
161,2021-02-15,TSLA,0.22610044464096427
162,2021-02-16,TSLA,0.15911498842644506
163,2021-02-17,TSLA,0.1971057087277295
164,2021-02-18,TSLA,0.15939643611805512
165,2021-02-19,TSLA,0.1950182949323207
166,2021-02-20,TSLA,0.2346009585746797
167,2021-02-21,TSLA,0.14232168597436975
168,2021-02-22,TSLA,0.055104592158226294
169,2021-02-23,TSLA,0.2029574812776409
170,2021-02-24,TSLA,0.20451349255244713
171,2021-02-25,TSLA,0.07303883342444897
172,2021-02-26,TSLA,0.15639404746156652
173,2021-02-27,TSLA,0.18349546316172927
174,2021-02-28,TSLA,0.17525369905726984
175,2021-03-01,TSLA,0.25220163640344984
176,2021-03-02,TSLA,0.09157270841300487
177,2021-03-03,TSLA,0.07585256083821877
178,2021-03-04,TSLA,0.09305366799421609
179,2021-03-05,TSLA,0.1630013388550142
180,2021-03-06,TSLA,0.21002466721483506
181,2021-03-07,TSLA,0.19956894376513082
182,2021-03-08,TSLA,0.07911009170173201
183,2021-03-09,TSLA,0.31867003932606897
184,2021-03-10,TSLA,0.19304758146905807
185,2021-03-11,TSLA,0.2207476418496808
186,2021-03-12,TSLA,0.23203588941902853
187,2021-03-13,TSLA,0.2397827179696178
188,2021-03-14,TSLA,0.2536842544298852
189,2021-03-15,TSLA,0.24507708923134486
190,2021-03-16,TSLA,0.20601441351580432
191,2021-03-17,TSLA,0.21343129939376376
192,2021-03-18,TSLA,0.11579584132414311
193,2021-03-19,TSLA,0.23742995138745754
194,2021-03-20,TSLA,0.1909667433758732
195,2021-03-21,TSLA,0.21323611554538366
196,2021-03-22,TSLA,0.15111595033342018
197,2021-03-23,TSLA,0.10812526729132514
198,2021-03-24,TSLA,0.06095279327686876
199,2021-03-25,TSLA,0.1606499591015745
200,2021-03-26,TSLA,0.1944918617545627
201,2021-03-27,TSLA,0.14669283476425335
202,2021-03-28,TSLA,0.23973334560752846
203,2021-03-29,TSLA,0.11110520262527279
204,2021-03-30,TSLA,0.26279256445169447
205,2021-03-31,TSLA,0.2898769207186997
206,2021-04-01,TSLA,0.22498439425101968
207,2021-04-02,TSLA,0.31074555443332064
208,2021-04-03,TSLA,0.22349293112172744
209,2021-04-04,TSLA,0.21655104534165
210,2021-04-05,TSLA,0.29602248428878375
211,2021-04-06,TSLA,0.22653422203357332
212,2021-04-07,TSLA,0.16325957819784526
213,2021-04-08,TSLA,0.23486213452892843
214,2021-04-09,TSLA,0.2504567848872393
215,2021-04-10,TSLA,0.19662861545896157
216,2021-04-11,TSLA,0.2282200012350222
217,2021-04-12,TSLA,0.3018783852576744
218,2021-04-13,TSLA,0.27275930711824914
219,2021-04-14,TSLA,0.19553257229947485
220,2021-04-15,TSLA,0.22186601519025861
221,2021-04-16,TSLA,0.29800712034956084
222,2021-04-17,TSLA,0.2527519287150353
223,2021-04-18,TSLA,0.019883403386222197
224,2021-04-19,TSLA,-0.0733055220427923
225,2021-04-20,TSLA,0.1453968118055491
226,2021-04-21,TSLA,0.2412260132675292
227,2021-04-22,TSLA,0.11950385949003976
228,2021-04-23,TSLA,0.24241728078143204
229,2021-04-24,TSLA,0.24286996965296567
230,2021-04-25,TSLA,0.28653814155014695
231,2021-04-26,TSLA,0.09905505876347888
232,2021-01-01,PLTR,0.2575332557774985
233,2021-01-02,PLTR,0.1864810753810721
234,2021-01-03,PLTR,0.2310481442914084
235,2021-01-04,PLTR,0.19905275566255726
236,2021-01-05,PLTR,0.23009367388723362
237,2021-01-06,PLTR,0.1864052098746794
238,2021-01-07,PLTR,0.3045943571305
239,2021-01-08,PLTR,0.2923913927342774
240,2021-01-09,PLTR,0.13946170569302863
241,2021-01-10,PLTR,0.16691978175462188
242,2021-01-11,PLTR,0.322946565970372
243,2021-01-12,PLTR,0.34013727487373413
244,2021-01-13,PLTR,0.1825793683839729
245,2021-01-14,PLTR,0.297257079605921
246,2021-01-15,PLTR,0.23885583474417216
247,2021-01-16,PLTR,0.2576127911911738
248,2021-01-17,PLTR,0.2472298110962652
249,2021-01-18,PLTR,0.3108679050776295
250,2021-01-19,PLTR,0.3014238918174524
251,2021-01-20,PLTR,0.21782980178763975
252,2021-01-21,PLTR,0.20419678560196267
253,2021-01-22,PLTR,0.4311949103106745
254,2021-01-23,PLTR,0.3236978540035824
255,2021-01-24,PLTR,0.2769895808159302
256,2021-01-25,PLTR,0.29277175808511674
257,2021-01-26,PLTR,0.24652292181365193
258,2021-01-27,PLTR,0.2071590042915195
259,2021-01-28,PLTR,0.09529447012161836
260,2021-01-29,PLTR,0.21300916243854626
261,2021-01-30,PLTR,0.2412093030882711
262,2021-01-31,PLTR,0.18486886818300263
263,2021-02-01,PLTR,0.21886756244348363
264,2021-02-02,PLTR,0.18610074980242644
265,2021-02-03,PLTR,0.23474752818387684
266,2021-02-04,PLTR,0.2341937794726407
267,2021-02-05,PLTR,0.27857205212779806
268,2021-02-06,PLTR,0.30972252477179557
269,2021-02-07,PLTR,0.3596211258608032
270,2021-02-08,PLTR,0.37112054106313735
271,2021-02-09,PLTR,0.36437026570520303
272,2021-02-10,PLTR,0.2851989870520658
273,2021-02-11,PLTR,0.20718231407751503
274,2021-02-12,PLTR,0.19800114159379154
275,2021-02-13,PLTR,0.2793047418061178
276,2021-02-14,PLTR,0.27802416582390493
277,2021-02-15,PLTR,0.3199683975738139
278,2021-02-16,PLTR,0.1459120624718489
279,2021-02-17,PLTR,0.24360258397564757
280,2021-02-18,PLTR,0.24886698865820653
281,2021-02-19,PLTR,0.33097158987238073
282,2021-02-20,PLTR,0.3267013268342707
283,2021-02-21,PLTR,0.30227272435871416
284,2021-02-22,PLTR,0.20126174772821834
285,2021-02-23,PLTR,0.1871006979587255
286,2021-02-24,PLTR,0.21095982616883702
287,2021-02-25,PLTR,0.1251488763273228
288,2021-02-26,PLTR,0.1921592213565018
289,2021-02-27,PLTR,0.3021957589770734
290,2021-02-28,PLTR,0.25101234034730374
291,2021-03-01,PLTR,0.23590731617365965
292,2021-03-02,PLTR,0.21093281201284844
293,2021-03-03,PLTR,0.13972702511015814
294,2021-03-04,PLTR,0.2590610271201003
295,2021-03-05,PLTR,0.23096073706017342
296,2021-03-06,PLTR,0.2879135245358123
297,2021-03-07,PLTR,0.3109581020444904
298,2021-03-08,PLTR,0.08298856987676118
299,2021-03-09,PLTR,0.2873770021394594
300,2021-03-10,PLTR,0.19619578722445294
301,2021-03-11,PLTR,0.32465659770322963
302,2021-03-12,PLTR,0.29846702023770194
303,2021-03-13,PLTR,0.33075528695271844
304,2021-03-14,PLTR,0.2907413578450996
305,2021-03-15,PLTR,0.2747328758259537
306,2021-03-16,PLTR,0.16128758990135975
307,2021-03-17,PLTR,0.21597971345752012
308,2021-03-18,PLTR,0.17683612445008476
309,2021-03-19,PLTR,0.2718487741356327
310,2021-03-20,PLTR,0.3103115271194259
311,2021-03-21,PLTR,0.2867089360881584
312,2021-03-22,PLTR,0.2000908265999089
313,2021-03-23,PLTR,0.12550162717915164
314,2021-03-24,PLTR,0.1347696725842543
315,2021-03-25,PLTR,0.18927745642571245
316,2021-03-26,PLTR,0.19383769557699582
317,2021-03-27,PLTR,0.25611931734137994
318,2021-03-28,PLTR,0.23910680884105523
319,2021-03-29,PLTR,0.17540399780114282
320,2021-03-30,PLTR,0.20539273104944733
321,2021-03-31,PLTR,0.31708624985895584
322,2021-04-01,PLTR,0.23310025716153904
323,2021-04-02,PLTR,0.2654107968667225
324,2021-04-03,PLTR,0.30779312398300457
325,2021-04-04,PLTR,0.33636831612134144
326,2021-04-05,PLTR,0.26565577525703704
327,2021-04-06,PLTR,0.24310733835562132
328,2021-04-07,PLTR,0.24431728137320322
329,2021-04-08,PLTR,0.25670126222167167
330,2021-04-09,PLTR,0.32347816256072837
331,2021-04-10,PLTR,0.2816310705308122
332,2021-04-11,PLTR,0.2878593042280711
333,2021-04-12,PLTR,0.13691436299390625
334,2021-04-13,PLTR,0.38647878703998867
335,2021-04-14,PLTR,0.1994669420926366
336,2021-04-15,PLTR,0.07291330143471714
337,2021-04-16,PLTR,0.09205910400450329
338,2021-04-17,PLTR,0.21201856883826775
339,2021-04-18,PLTR,0.2190402112286142
340,2021-04-19,PLTR,0.19490485059522944
341,2021-04-20,PLTR,0.2045546730356291
342,2021-04-21,PLTR,0.29710376323363746
343,2021-04-22,PLTR,0.22936169574188534
344,2021-04-23,PLTR,0.2653779714307748
345,2021-04-24,PLTR,0.3170221654177043
346,2021-04-25,PLTR,0.26659684513144616
347,2021-04-26,PLTR,0.39930666526721326
