,Date,Stock,Sentiment
0,2021-01-01,AAPL,0.33598955929441077
1,2021-01-01,PLTR,0.2575332557774985
2,2021-01-01,TSLA,0.21027813107066323
3,2021-01-02,AAPL,0.22016302439390661
4,2021-01-02,PLTR,0.1864810753810721
5,2021-01-02,TSLA,0.24032140194973908
6,2021-01-03,AAPL,0.24098793102777305
7,2021-01-03,PLTR,0.2310481442914084
8,2021-01-03,TSLA,0.20717910193442368
9,2021-01-04,AAPL,0.1858670211273711
10,2021-01-04,PLTR,0.19905275566255726
11,2021-01-04,TSLA,0.2663895036367467
12,2021-01-05,AAPL,0.2559205444784602
13,2021-01-05,PLTR,0.23009367388723362
14,2021-01-05,TSLA,0.2245348114744993
15,2021-01-06,AAPL,0.18753800623805728
16,2021-01-06,PLTR,0.1864052098746794
17,2021-01-06,TSLA,0.16823073245596606
18,2021-01-07,AAPL,0.26745411537587643
19,2021-01-07,PLTR,0.3045943571305
20,2021-01-07,TSLA,0.22768636466830502
21,2021-01-08,AAPL,0.2436975805951515
22,2021-01-08,PLTR,0.2923913927342774
23,2021-01-08,TSLA,0.193991810786305
24,2021-01-09,AAPL,0.16286761724110693
25,2021-01-09,PLTR,0.13946170569302863
26,2021-01-09,TSLA,0.2184160995039856
27,2021-01-10,AAPL,0.2304800772080198
28,2021-01-10,PLTR,0.16691978175462188
29,2021-01-10,TSLA,0.1828062117699301
30,2021-01-11,AAPL,0.17955924562248401
31,2021-01-11,PLTR,0.322946565970372
32,2021-01-11,TSLA,0.16436963174887934
33,2021-01-12,AAPL,0.26430153226992115
34,2021-01-12,PLTR,0.34013727487373413
35,2021-01-12,TSLA,0.21476225087384226
36,2021-01-13,AAPL,0.2795906436702935
37,2021-01-13,PLTR,0.1825793683839729
38,2021-01-13,TSLA,0.23562488441029564
39,2021-01-14,AAPL,0.2417195403786609
40,2021-01-14,PLTR,0.297257079605921
41,2021-01-14,TSLA,0.20578508808021434
42,2021-01-15,AAPL,0.21901259116502478
43,2021-01-15,PLTR,0.23885583474417216
44,2021-01-15,TSLA,0.13625783849600703
45,2021-01-16,AAPL,0.19806906534500446
46,2021-01-16,PLTR,0.2576127911911738
47,2021-01-16,TSLA,0.18336207433859816
48,2021-01-17,AAPL,0.22257485352831238
49,2021-01-17,PLTR,0.2472298110962652
50,2021-01-17,TSLA,0.17309878920938354
51,2021-01-18,AAPL,0.24757649448937402
52,2021-01-18,PLTR,0.3108679050776295
53,2021-01-18,TSLA,0.24874324991565663
54,2021-01-19,AAPL,0.23035231066099368
55,2021-01-19,PLTR,0.3014238918174524
56,2021-01-19,TSLA,0.24654767661588267
57,2021-01-20,AAPL,0.3140395434933016
58,2021-01-20,PLTR,0.21782980178763975
59,2021-01-20,TSLA,0.188751249660505
60,2021-01-21,AAPL,0.3156707142769592
61,2021-01-21,PLTR,0.20419678560196267
62,2021-01-21,TSLA,0.1428809379551094
63,2021-01-22,AAPL,0.4160520658438327
64,2021-01-22,PLTR,0.4311949103106745
65,2021-01-22,TSLA,0.2540035078281071
66,2021-01-23,AAPL,0.32495915683568455
67,2021-01-23,PLTR,0.3236978540035824
68,2021-01-23,TSLA,0.26656384955113754
69,2021-01-24,AAPL,0.32305942238133867
70,2021-01-24,PLTR,0.2769895808159302
71,2021-01-24,TSLA,0.2509328848589212
72,2021-01-25,AAPL,0.3262036888897419
73,2021-01-25,PLTR,0.29277175808511674
74,2021-01-25,TSLA,0.28529105215123857
75,2021-01-26,AAPL,0.28965554863994475
76,2021-01-26,PLTR,0.24652292181365193
77,2021-01-26,TSLA,0.17994303939223755
78,2021-01-27,AAPL,0.23841311279474758
79,2021-01-27,PLTR,0.2071590042915195
80,2021-01-27,TSLA,0.1652861749334261
81,2021-01-28,AAPL,0.1625464309283998
82,2021-01-28,PLTR,0.09529447012161836
83,2021-01-28,TSLA,0.10405243479786441
84,2021-01-29,AAPL,0.20290808063733856
85,2021-01-29,PLTR,0.21300916243854626
86,2021-01-29,TSLA,0.1493927044350421
87,2021-01-30,AAPL,0.263180110271438
88,2021-01-30,PLTR,0.2412093030882711
89,2021-01-30,TSLA,0.17631097897060682
90,2021-01-31,AAPL,0.21396088824607432
91,2021-01-31,PLTR,0.18486886818300263
92,2021-01-31,TSLA,0.21648966237250716
93,2021-02-01,AAPL,0.29659589302237144
94,2021-02-01,PLTR,0.21886756244348363
95,2021-02-01,TSLA,0.3057262632471975
96,2021-02-02,AAPL,0.28333596952841617
97,2021-02-02,PLTR,0.18610074980242644
98,2021-02-02,TSLA,0.2060912161465967
99,2021-02-03,AAPL,0.2990141893075779
100,2021-02-03,PLTR,0.23474752818387684
101,2021-02-03,TSLA,0.22472624676465056
102,2021-02-04,AAPL,0.2634290255595697
103,2021-02-04,PLTR,0.2341937794726407
104,2021-02-04,TSLA,0.23121318488160614
105,2021-02-05,AAPL,0.24047625329054426
106,2021-02-05,PLTR,0.27857205212779806
107,2021-02-05,TSLA,0.278513319394202
108,2021-02-06,AAPL,0.33427722471335436
109,2021-02-06,PLTR,0.30972252477179557
110,2021-02-06,TSLA,0.2753990164793795
111,2021-02-07,AAPL,0.3247696105686482
112,2021-02-07,PLTR,0.3596211258608032
113,2021-02-07,TSLA,0.3182487743408419
114,2021-02-08,AAPL,0.31593231071706396
115,2021-02-08,PLTR,0.37112054106313735
116,2021-02-08,TSLA,0.280490042438847
117,2021-02-09,AAPL,0.30712968751683367
118,2021-02-09,PLTR,0.36437026570520303
119,2021-02-09,TSLA,0.22504905959579627
120,2021-02-10,AAPL,0.2414608088551322
121,2021-02-10,PLTR,0.2851989870520658
122,2021-02-10,TSLA,0.15981236582249403
123,2021-02-11,AAPL,0.22687051584455184
124,2021-02-11,PLTR,0.20718231407751503
125,2021-02-11,TSLA,0.19740547311282716
126,2021-02-12,AAPL,0.30977743274206293
127,2021-02-12,PLTR,0.19800114159379154
128,2021-02-12,TSLA,0.25130962101137266
129,2021-02-13,AAPL,0.3241897185448324
130,2021-02-13,PLTR,0.2793047418061178
131,2021-02-13,TSLA,0.24232463215023745
132,2021-02-14,AAPL,0.3382278235700214
133,2021-02-14,PLTR,0.27802416582390493
134,2021-02-14,TSLA,0.28932086134457496
135,2021-02-15,AAPL,0.2938510553715751
136,2021-02-15,PLTR,0.3199683975738139
137,2021-02-15,TSLA,0.22610044464096427
138,2021-02-16,AAPL,0.23094273163215256
139,2021-02-16,PLTR,0.1459120624718489
140,2021-02-16,TSLA,0.15911498842644506
141,2021-02-17,AAPL,0.24934093743085395
142,2021-02-17,PLTR,0.24360258397564757
143,2021-02-17,TSLA,0.1971057087277295
144,2021-02-18,AAPL,0.21344183945120312
145,2021-02-18,PLTR,0.24886698865820653
146,2021-02-18,TSLA,0.15939643611805512
147,2021-02-19,AAPL,0.22682279839005787
148,2021-02-19,PLTR,0.33097158987238073
149,2021-02-19,TSLA,0.1950182949323207
150,2021-02-20,AAPL,0.2617227955111368
151,2021-02-20,PLTR,0.3267013268342707
152,2021-02-20,TSLA,0.2346009585746797
153,2021-02-21,AAPL,0.2638240174449659
154,2021-02-21,PLTR,0.30227272435871416
155,2021-02-21,TSLA,0.14232168597436975
156,2021-02-22,AAPL,0.18216707274864893
157,2021-02-22,PLTR,0.20126174772821834
158,2021-02-22,TSLA,0.055104592158226294
159,2021-02-23,AAPL,0.2514697761469288
160,2021-02-23,PLTR,0.1871006979587255
161,2021-02-23,TSLA,0.2029574812776409
162,2021-02-24,AAPL,0.2377750511143822
163,2021-02-24,PLTR,0.21095982616883702
164,2021-02-24,TSLA,0.20451349255244713
165,2021-02-25,AAPL,0.1481350308607798
166,2021-02-25,PLTR,0.1251488763273228
167,2021-02-25,TSLA,0.07303883342444897
168,2021-02-26,AAPL,0.14531706259190105
169,2021-02-26,PLTR,0.1921592213565018
170,2021-02-26,TSLA,0.15639404746156652
171,2021-02-27,AAPL,0.2787127577218926
172,2021-02-27,PLTR,0.3021957589770734
173,2021-02-27,TSLA,0.18349546316172927
174,2021-02-28,AAPL,0.20378423476064897
175,2021-02-28,PLTR,0.25101234034730374
176,2021-02-28,TSLA,0.17525369905726984
177,2021-03-01,AAPL,0.35729913621977905
178,2021-03-01,PLTR,0.23590731617365965
179,2021-03-01,TSLA,0.25220163640344984
180,2021-03-02,AAPL,0.14983077144855633
181,2021-03-02,PLTR,0.21093281201284844
182,2021-03-02,TSLA,0.09157270841300487
183,2021-03-03,AAPL,0.11117147298832424
184,2021-03-03,PLTR,0.13972702511015814
185,2021-03-03,TSLA,0.07585256083821877
186,2021-03-04,AAPL,0.16030054645729253
187,2021-03-04,PLTR,0.2590610271201003
188,2021-03-04,TSLA,0.09305366799421609
189,2021-03-05,AAPL,0.24212131451722235
190,2021-03-05,PLTR,0.23096073706017342
191,2021-03-05,TSLA,0.1630013388550142
192,2021-03-06,AAPL,0.2555807642218424
193,2021-03-06,PLTR,0.2879135245358123
194,2021-03-06,TSLA,0.21002466721483506
195,2021-03-07,AAPL,0.24354619181547665
196,2021-03-07,PLTR,0.3109581020444904
197,2021-03-07,TSLA,0.19956894376513082
198,2021-03-08,AAPL,0.08077103780128528
199,2021-03-08,PLTR,0.08298856987676118
200,2021-03-08,TSLA,0.07911009170173201
201,2021-03-09,AAPL,0.32026554945402314
202,2021-03-09,PLTR,0.2873770021394594
203,2021-03-09,TSLA,0.31867003932606897
204,2021-03-10,AAPL,0.24858689075522125
205,2021-03-10,PLTR,0.19619578722445294
206,2021-03-10,TSLA,0.19304758146905807
207,2021-03-11,AAPL,0.2535638080528006
208,2021-03-11,PLTR,0.32465659770322963
209,2021-03-11,TSLA,0.2207476418496808
210,2021-03-12,AAPL,0.31093045133934355
211,2021-03-12,PLTR,0.29846702023770194
212,2021-03-12,TSLA,0.23203588941902853
213,2021-03-13,AAPL,0.25605140228802337
214,2021-03-13,PLTR,0.33075528695271844
215,2021-03-13,TSLA,0.2397827179696178
216,2021-03-14,AAPL,0.30770474663877395
217,2021-03-14,PLTR,0.2907413578450996
218,2021-03-14,TSLA,0.2536842544298852
219,2021-03-15,AAPL,0.34414582851727027
220,2021-03-15,PLTR,0.2747328758259537
221,2021-03-15,TSLA,0.24507708923134486
222,2021-03-16,AAPL,0.2857779306503944
223,2021-03-16,PLTR,0.16128758990135975
224,2021-03-16,TSLA,0.20601441351580432
225,2021-03-17,AAPL,0.2828466209373437
226,2021-03-17,PLTR,0.21597971345752012
227,2021-03-17,TSLA,0.21343129939376376
228,2021-03-18,AAPL,0.20164688114775345
229,2021-03-18,PLTR,0.17683612445008476
230,2021-03-18,TSLA,0.11579584132414311
231,2021-03-19,AAPL,0.2639070010650903
232,2021-03-19,PLTR,0.2718487741356327
233,2021-03-19,TSLA,0.23742995138745754
234,2021-03-20,AAPL,0.17289455117961494
235,2021-03-20,PLTR,0.3103115271194259
236,2021-03-20,TSLA,0.1909667433758732
237,2021-03-21,AAPL,0.27258147213212214
238,2021-03-21,PLTR,0.2867089360881584
239,2021-03-21,TSLA,0.21323611554538366
240,2021-03-22,AAPL,0.3283836580578936
241,2021-03-22,PLTR,0.2000908265999089
242,2021-03-22,TSLA,0.15111595033342018
243,2021-03-23,AAPL,0.19623172476503534
244,2021-03-23,PLTR,0.12550162717915164
245,2021-03-23,TSLA,0.10812526729132514
246,2021-03-24,AAPL,0.16783061416400596
247,2021-03-24,PLTR,0.1347696725842543
248,2021-03-24,TSLA,0.06095279327686876
249,2021-03-25,AAPL,0.2736571496869437
250,2021-03-25,PLTR,0.18927745642571245
251,2021-03-25,TSLA,0.1606499591015745
252,2021-03-26,AAPL,0.25067239243723455
253,2021-03-26,PLTR,0.19383769557699582
254,2021-03-26,TSLA,0.1944918617545627
255,2021-03-27,AAPL,0.27055822979660243
256,2021-03-27,PLTR,0.25611931734137994
257,2021-03-27,TSLA,0.14669283476425335
258,2021-03-28,AAPL,0.3025639513427159
259,2021-03-28,PLTR,0.23910680884105523
260,2021-03-28,TSLA,0.23973334560752846
261,2021-03-29,AAPL,0.2688649284831481
262,2021-03-29,PLTR,0.17540399780114282
263,2021-03-29,TSLA,0.11110520262527279
264,2021-03-30,AAPL,0.2594417258936446
265,2021-03-30,PLTR,0.20539273104944733
266,2021-03-30,TSLA,0.26279256445169447
267,2021-03-31,AAPL,0.27540651786362286
268,2021-03-31,PLTR,0.31708624985895584
269,2021-03-31,TSLA,0.2898769207186997
270,2021-04-01,AAPL,0.2752428684923798
271,2021-04-01,PLTR,0.23310025716153904
272,2021-04-01,TSLA,0.22498439425101968
273,2021-04-02,AAPL,0.35975876449991484
274,2021-04-02,PLTR,0.2654107968667225
275,2021-04-02,TSLA,0.31074555443332064
276,2021-04-03,AAPL,0.2344429188279688
277,2021-04-03,PLTR,0.30779312398300457
278,2021-04-03,TSLA,0.22349293112172744
279,2021-04-04,AAPL,0.32969255702011285
280,2021-04-04,PLTR,0.33636831612134144
281,2021-04-04,TSLA,0.21655104534165
282,2021-04-05,AAPL,0.3138497149317991
283,2021-04-05,PLTR,0.26565577525703704
284,2021-04-05,TSLA,0.29602248428878375
285,2021-04-06,AAPL,0.2934559733043425
286,2021-04-06,PLTR,0.24310733835562132
287,2021-04-06,TSLA,0.22653422203357332
288,2021-04-07,AAPL,0.28191887304373087
289,2021-04-07,PLTR,0.24431728137320322
290,2021-04-07,TSLA,0.16325957819784526
291,2021-04-08,AAPL,0.29157032002066263
292,2021-04-08,PLTR,0.25670126222167167
293,2021-04-08,TSLA,0.23486213452892843
294,2021-04-09,AAPL,0.32830090256338007
295,2021-04-09,PLTR,0.32347816256072837
296,2021-04-09,TSLA,0.2504567848872393
297,2021-04-10,AAPL,0.26207250127627046
298,2021-04-10,PLTR,0.2816310705308122
299,2021-04-10,TSLA,0.19662861545896157
300,2021-04-11,AAPL,0.27831598980282435
301,2021-04-11,PLTR,0.2878593042280711
302,2021-04-11,TSLA,0.2282200012350222
303,2021-04-12,AAPL,0.3110518114574952
304,2021-04-12,PLTR,0.13691436299390625
305,2021-04-12,TSLA,0.3018783852576744
306,2021-04-13,AAPL,0.35106061727786436
307,2021-04-13,PLTR,0.38647878703998867
308,2021-04-13,TSLA,0.27275930711824914
309,2021-04-14,AAPL,0.2647290357515449
310,2021-04-14,PLTR,0.1994669420926366
311,2021-04-14,TSLA,0.19553257229947485
312,2021-04-15,AAPL,0.2653985523201991
313,2021-04-15,PLTR,0.07291330143471714
314,2021-04-15,TSLA,0.22186601519025861
315,2021-04-16,AAPL,0.2896357496198034
316,2021-04-16,PLTR,0.09205910400450329
317,2021-04-16,TSLA,0.29800712034956084
318,2021-04-17,AAPL,0.28032719325594585
319,2021-04-17,PLTR,0.21201856883826775
320,2021-04-17,TSLA,0.2527519287150353
321,2021-04-18,AAPL,0.2716132028917782
322,2021-04-18,PLTR,0.2227627039710232
323,2021-04-18,TSLA,0.022162726290756836
324,2021-04-19,AAPL,0.31277646610047666
325,2021-04-19,PLTR,0.20422169255811246
326,2021-04-19,TSLA,-0.07207517727790401
327,2021-04-20,AAPL,0.2946466255139094
328,2021-04-20,PLTR,0.21047502940497362
329,2021-04-20,TSLA,0.14653760427224916
330,2021-04-21,AAPL,0.2937996780544054
331,2021-04-21,PLTR,0.3009322970188223
332,2021-04-21,TSLA,0.24286992942926008
333,2021-04-22,AAPL,0.21514896544336806
334,2021-04-22,PLTR,0.23664403444027993
335,2021-04-22,TSLA,0.11898165572795551
336,2021-04-23,AAPL,0.31300018011103387
337,2021-04-23,PLTR,0.26870971983112396
338,2021-04-23,TSLA,0.2460947134521557
339,2021-04-24,AAPL,0.3327415292655351
340,2021-04-24,PLTR,0.3456739395238119
341,2021-04-24,TSLA,0.24156312379054726
342,2021-04-25,AAPL,0.3396618618483189
343,2021-04-25,PLTR,0.27727773778662995
344,2021-04-25,TSLA,0.28629962510021867
345,2021-04-26,AAPL,0.3478322926999535
346,2021-04-26,PLTR,0.4035404585314682
347,2021-04-26,TSLA,0.10046494642377365
348,2021-04-27,AAPL,0.26367315597238483
349,2021-04-27,PLTR,0.3146199578997587
350,2021-04-27,TSLA,0.108631782180164
351,2021-04-28,AAPL,0.39046818126610017
352,2021-04-28,PLTR,0.2108421860245307
353,2021-04-28,TSLA,0.07907505234866403
354,2021-04-29,AAPL,0.2076451873619808
355,2021-04-29,PLTR,0.21058361051836982
356,2021-04-29,TSLA,0.11605499586137012
357,2021-04-30,AAPL,0.19586130896629766
358,2021-04-30,PLTR,0.23319117450404553
359,2021-04-30,TSLA,0.21617797318426893
